{"stat.useItem.minecraft.anvil":9,"stat.useItem.minecraft.chest":7,"achievement.spawnWither":1,"stat.useItem.minecraft.iron_bars":3,"stat.useItem.minecraft.cobblestone":29,"stat.useItem.minecraft.heavy_weighted_pressure_plate":1,"stat.useItem.minecraft.command_block":45,"stat.useItem.minecraft.wooden_door":1,"stat.useItem.minecraft.stained_glass":23,"achievement.acquireIron":2,"achievement.openInventory":1268,"stat.damageDealt":37286,"stat.useItem.minecraft.item_frame":1,"stat.useItem.minecraft.iron_block":10,"stat.killEntity.Bat":14,"stat.killEntity.Cow":1,"stat.crouchOneCm":4124,"achievement.theEnd2":1,"stat.useItem.minecraft.stained_glass_pane":2,"stat.useItem.minecraft.acacia_door":4,"achievement.exploreAllBiomes":{"value":0,"progress":["Plains","Hell","Sky"]},"stat.useItem.minecraft.log":37,"stat.useItem.minecraft.tnt":1,"stat.useItem.minecraft.bedrock":3,"stat.useItem.minecraft.redstone_block":76,"stat.useItem.minecraft.spruce_door":5,"stat.mineBlock.minecraft.log":17,"stat.useItem.minecraft.obsidian":87,"stat.useItem.minecraft.planks":83,"achievement.portal":8,"stat.fallOneCm":42750,"stat.flyOneCm":10562782,"stat.useItem.minecraft.jungle_stairs":6,"achievement.buildPickaxe":2,"achievement.overkill":13,"stat.mineBlock.minecraft.iron_ore":2,"achievement.buildFurnace":2,"stat.damageTaken":-2147468209,"stat.useItem.minecraft.torch":3,"stat.useItem.minecraft.stone_pickaxe":3,"stat.useItem.minecraft.dispenser":8,"stat.useItem.minecraft.diamond_sword":43,"stat.useItem.minecraft.wooden_pressure_plate":1,"stat.useItem.minecraft.sponge":4,"stat.useItem.minecraft.oak_stairs":2,"achievement.enchantments":2,"stat.useItem.minecraft.skull":1,"achievement.buildWorkBench":2,"stat.useItem.minecraft.stone":1485,"stat.useItem.minecraft.furnace":21,"stat.useItem.minecraft.birch_door":5,"stat.useItem.minecraft.trapped_chest":6,"stat.killEntity.EntityHorse":13,"stat.useItem.minecraft.redstone_lamp":10,"stat.climbOneCm":5657,"stat.useItem.minecraft.jungle_door":3,"achievement.potion":1,"stat.useItem.minecraft.redstone":140,"stat.useItem.minecraft.potion":31,"stat.mineBlock.minecraft.slime":7,"stat.drop":499,"achievement.theEnd":2,"stat.useItem.minecraft.diamond_block":34,"stat.useItem.minecraft.repeater":55,"stat.useItem.minecraft.stone_pressure_plate":11,"stat.useItem.minecraft.nether_brick_fence":4,"stat.useItem.minecraft.comparator":4,"stat.useItem.minecraft.glowstone":22,"stat.useItem.minecraft.bow":84,"achievement.mineWood":47,"achievement.killWither":1,"stat.craftItem.minecraft.banner":7,"stat.useItem.minecraft.diamond_ore":1,"stat.useItem.minecraft.stone_slab":13,"stat.breakItem.minecraft.diamond_axe":1,"achievement.diamonds":4,"stat.killEntity.Creeper":1,"stat.useItem.minecraft.lapis_block":10,"stat.useItem.minecraft.crafting_table":2,"stat.playOneMinute":2700665,"stat.useItem.minecraft.redstone_torch":52,"stat.killEntity.Pig":3,"stat.useItem.minecraft.iron_ore":4,"stat.leaveGame":25,"stat.diveOneCm":29429,"stat.useItem.minecraft.lever":23,"stat.useItem.minecraft.glass":10,"stat.killEntity.Villager":40,"stat.killEntity.Spider":1,"stat.killEntity.Slime":26,"stat.killEntity.Endermite":2,"stat.timeSinceDeath":470602,"stat.useItem.minecraft.emerald_block":91,"stat.useItem.minecraft.painting":13,"stat.useItem.minecraft.wool":254,"stat.swimOneCm":63613,"stat.useItem.minecraft.dark_oak_door":5,"stat.useItem.minecraft.diamond_axe":22,"stat.killEntity.Skeleton":3,"stat.horseOneCm":533635,"stat.walkOneCm":4888543,"stat.useItem.minecraft.slime":34,"achievement.blazeRod":1,"stat.useItem.minecraft.iron_door":28,"stat.jump":9879,"stat.useItem.minecraft.wooden_button":24,"stat.useItem.minecraft.beacon":2,"stat.killEntity.Witch":2,"stat.useItem.minecraft.cobblestone_wall":1,"stat.useItem.minecraft.coal_block":25,"stat.deaths":28,"achievement.fullBeacon":1,"stat.craftItem.minecraft.sponge":1,"stat.mobKills":156,"stat.mineBlock.minecraft.stone":1,"stat.useItem.minecraft.bucket":2,"stat.killEntity.Zombie":23,"stat.useItem.minecraft.sign":44,"stat.mineBlock.minecraft.dirt":1,"stat.minecartOneCm":972445,"stat.useItem.minecraft.armor_stand":1,"stat.killEntity.Blaze":1,"stat.useItem.minecraft.banner":95,"achievement.onARail":6298,"stat.killEntity.Squid":8,"stat.useItem.minecraft.spawn_egg":12,"stat.killEntity.Guardian":1,"stat.useItem.minecraft.sea_lantern":48,"stat.sprintOneCm":161613,"stat.useItem.minecraft.dirt":408}